Metric,Value,Unit
RMSE,55879.995628219964,USD
MAE,41760.14721281588,USD
R²,0.33222944480243266,Score
MAPE,35.22254395440459,Percent
